{
    "회복": -15.403880458107022,
    "방어": -10.832563660066684,
    "공격": -10.48012022
}